USE [master]
GO

CREATE DATABASE [LTWWWJAVA_DHKTPM13A_BAITAPLON_NHOM18]
GO

ALTER DATABASE [LTWWWJAVA_DHKTPM13A_BAITAPLON_NHOM18] SET COMPATIBILITY_LEVEL = 110
GO

IF (1 = FULLTEXTSERVICEPROPERTY('IsFullTextInstalled'))
begin
EXEC [LTWWWJAVA_DHKTPM13A_BAITAPLON_NHOM18].[dbo].[sp_fulltext_database] @action = 'enable'
end
GO
ALTER DATABASE [LTWWWJAVA_DHKTPM13A_BAITAPLON_NHOM18] SET ANSI_NULL_DEFAULT OFF 
GO
ALTER DATABASE [LTWWWJAVA_DHKTPM13A_BAITAPLON_NHOM18] SET ANSI_NULLS OFF 
GO
ALTER DATABASE [LTWWWJAVA_DHKTPM13A_BAITAPLON_NHOM18] SET ANSI_PADDING OFF 
GO
ALTER DATABASE [LTWWWJAVA_DHKTPM13A_BAITAPLON_NHOM18] SET ANSI_WARNINGS OFF 
GO
ALTER DATABASE [LTWWWJAVA_DHKTPM13A_BAITAPLON_NHOM18] SET ARITHABORT OFF 
GO
ALTER DATABASE [LTWWWJAVA_DHKTPM13A_BAITAPLON_NHOM18] SET AUTO_CLOSE ON 
GO
ALTER DATABASE [LTWWWJAVA_DHKTPM13A_BAITAPLON_NHOM18] SET AUTO_CREATE_STATISTICS ON 
GO
ALTER DATABASE [LTWWWJAVA_DHKTPM13A_BAITAPLON_NHOM18] SET AUTO_SHRINK OFF 
GO
ALTER DATABASE [LTWWWJAVA_DHKTPM13A_BAITAPLON_NHOM18] SET AUTO_UPDATE_STATISTICS ON 
GO
ALTER DATABASE [LTWWWJAVA_DHKTPM13A_BAITAPLON_NHOM18] SET CURSOR_CLOSE_ON_COMMIT OFF 
GO
ALTER DATABASE [LTWWWJAVA_DHKTPM13A_BAITAPLON_NHOM18] SET CURSOR_DEFAULT  GLOBAL 
GO
ALTER DATABASE [LTWWWJAVA_DHKTPM13A_BAITAPLON_NHOM18] SET CONCAT_NULL_YIELDS_NULL OFF 
GO
ALTER DATABASE [LTWWWJAVA_DHKTPM13A_BAITAPLON_NHOM18] SET NUMERIC_ROUNDABORT OFF 
GO
ALTER DATABASE [LTWWWJAVA_DHKTPM13A_BAITAPLON_NHOM18] SET QUOTED_IDENTIFIER OFF 
GO
ALTER DATABASE [LTWWWJAVA_DHKTPM13A_BAITAPLON_NHOM18] SET RECURSIVE_TRIGGERS OFF 
GO
ALTER DATABASE [LTWWWJAVA_DHKTPM13A_BAITAPLON_NHOM18] SET  ENABLE_BROKER 
GO
ALTER DATABASE [LTWWWJAVA_DHKTPM13A_BAITAPLON_NHOM18] SET AUTO_UPDATE_STATISTICS_ASYNC OFF 
GO
ALTER DATABASE [LTWWWJAVA_DHKTPM13A_BAITAPLON_NHOM18] SET DATE_CORRELATION_OPTIMIZATION OFF 
GO
ALTER DATABASE [LTWWWJAVA_DHKTPM13A_BAITAPLON_NHOM18] SET TRUSTWORTHY OFF 
GO
ALTER DATABASE [LTWWWJAVA_DHKTPM13A_BAITAPLON_NHOM18] SET ALLOW_SNAPSHOT_ISOLATION OFF 
GO
ALTER DATABASE [LTWWWJAVA_DHKTPM13A_BAITAPLON_NHOM18] SET PARAMETERIZATION SIMPLE 
GO
ALTER DATABASE [LTWWWJAVA_DHKTPM13A_BAITAPLON_NHOM18] SET READ_COMMITTED_SNAPSHOT OFF 
GO
ALTER DATABASE [LTWWWJAVA_DHKTPM13A_BAITAPLON_NHOM18] SET HONOR_BROKER_PRIORITY OFF 
GO
ALTER DATABASE [LTWWWJAVA_DHKTPM13A_BAITAPLON_NHOM18] SET RECOVERY SIMPLE 
GO
ALTER DATABASE [LTWWWJAVA_DHKTPM13A_BAITAPLON_NHOM18] SET  MULTI_USER 
GO
ALTER DATABASE [LTWWWJAVA_DHKTPM13A_BAITAPLON_NHOM18] SET PAGE_VERIFY CHECKSUM  
GO
ALTER DATABASE [LTWWWJAVA_DHKTPM13A_BAITAPLON_NHOM18] SET DB_CHAINING OFF 
GO
ALTER DATABASE [LTWWWJAVA_DHKTPM13A_BAITAPLON_NHOM18] SET FILESTREAM( NON_TRANSACTED_ACCESS = OFF ) 
GO
ALTER DATABASE [LTWWWJAVA_DHKTPM13A_BAITAPLON_NHOM18] SET TARGET_RECOVERY_TIME = 0 SECONDS 
GO

USE [LTWWWJAVA_DHKTPM13A_BAITAPLON_NHOM18]
GO
SET ANSI_NULLS ON
GO
SET QUOTED_IDENTIFIER ON
GO
CREATE TABLE [dbo].[ChiTietDonHang](
	[MaDonHang] [int] NOT NULL,
	[MaSanPham] [int] NOT NULL,
	[SoLuongSanPham] [int] NULL,
	[GiaSanPham] [int] NULL,
PRIMARY KEY CLUSTERED 
(
	[MaDonHang] ASC,
	[MaSanPham] ASC
)WITH (PAD_INDEX = OFF, STATISTICS_NORECOMPUTE = OFF, IGNORE_DUP_KEY = OFF, ALLOW_ROW_LOCKS = ON, ALLOW_PAGE_LOCKS = ON) ON [PRIMARY]
) ON [PRIMARY]

GO
SET ANSI_NULLS ON
GO
SET QUOTED_IDENTIFIER ON
GO
CREATE TABLE [dbo].[DanhMuc](
	[MaDanhMuc] [int] IDENTITY(1,1) NOT NULL,
	[TenDanhMuc] [nvarchar](30) NOT NULL,
PRIMARY KEY CLUSTERED 
(
	[MaDanhMuc] ASC
)WITH (PAD_INDEX = OFF, STATISTICS_NORECOMPUTE = OFF, IGNORE_DUP_KEY = OFF, ALLOW_ROW_LOCKS = ON, ALLOW_PAGE_LOCKS = ON) ON [PRIMARY]
) ON [PRIMARY]

GO
SET ANSI_NULLS ON
GO
SET QUOTED_IDENTIFIER ON
GO
CREATE TABLE [dbo].[DonHang](
	[MaDonHang] [int] IDENTITY(1,1) NOT NULL,
	[MaNguoiDung] [int] NOT NULL,
	[NgayTaoDonHang] [date] NOT NULL,
	[TinhTrangDonHang] [int] NOT NULL,
PRIMARY KEY CLUSTERED 
(
	[MaDonHang] ASC
)WITH (PAD_INDEX = OFF, STATISTICS_NORECOMPUTE = OFF, IGNORE_DUP_KEY = OFF, ALLOW_ROW_LOCKS = ON, ALLOW_PAGE_LOCKS = ON) ON [PRIMARY]
) ON [PRIMARY]

GO
SET ANSI_NULLS ON
GO
SET QUOTED_IDENTIFIER ON
GO
SET ANSI_PADDING ON
GO
CREATE TABLE [dbo].[NguoiDung](
	[MaNguoiDung] [int] IDENTITY(1,1) NOT NULL,
	[TenNguoiDung] [nvarchar](30) NOT NULL,
	[DiaChi] [nvarchar](200) NULL,
	[Email] [varchar](50) NULL,
	[SoDienThoai] [varchar](15) NULL,
	[Username] [varchar](30) NOT NULL,
	[Pass] [varchar](40) NOT NULL,
	[isNhanVien] [bit] NOT NULL,
PRIMARY KEY CLUSTERED 
(
	[MaNguoiDung] ASC
)WITH (PAD_INDEX = OFF, STATISTICS_NORECOMPUTE = OFF, IGNORE_DUP_KEY = OFF, ALLOW_ROW_LOCKS = ON, ALLOW_PAGE_LOCKS = ON) ON [PRIMARY]
) ON [PRIMARY]

GO
SET ANSI_PADDING OFF
GO
SET ANSI_NULLS ON
GO
SET QUOTED_IDENTIFIER ON
GO
CREATE TABLE [dbo].[SanPham](
	[MaSanPham] [int] IDENTITY(1,1) NOT NULL,
	[TenSanPham] [nvarchar](100) NOT NULL,
	[Gia] [int] NOT NULL,
	[SoLuong] [int] NOT NULL,
	[MoTa] [nvarchar](500) NULL,
	[Hinh] [nvarchar](500) NULL,
	[MaDanhMuc] [int] NULL,
	[TinhTrang] [bit] NULL,
PRIMARY KEY CLUSTERED 
(
	[MaSanPham] ASC
)WITH (PAD_INDEX = OFF, STATISTICS_NORECOMPUTE = OFF, IGNORE_DUP_KEY = OFF, ALLOW_ROW_LOCKS = ON, ALLOW_PAGE_LOCKS = ON) ON [PRIMARY]
) ON [PRIMARY]

GO
INSERT [dbo].[ChiTietDonHang] ([MaDonHang], [MaSanPham], [SoLuongSanPham], [GiaSanPham]) VALUES (1, 1, 1, 50000)
INSERT [dbo].[ChiTietDonHang] ([MaDonHang], [MaSanPham], [SoLuongSanPham], [GiaSanPham]) VALUES (1, 2, 1, 160000)
INSERT [dbo].[ChiTietDonHang] ([MaDonHang], [MaSanPham], [SoLuongSanPham], [GiaSanPham]) VALUES (2, 3, 2, 440000)
INSERT [dbo].[ChiTietDonHang] ([MaDonHang], [MaSanPham], [SoLuongSanPham], [GiaSanPham]) VALUES (2, 4, 2, 210000)
SET IDENTITY_INSERT [dbo].[DanhMuc] ON 

INSERT [dbo].[DanhMuc] ([MaDanhMuc], [TenDanhMuc]) VALUES (1, N'Chăm Sóc Da Mặt')
INSERT [dbo].[DanhMuc] ([MaDanhMuc], [TenDanhMuc]) VALUES (2, N'Chăm Sóc Cơ Thể')
SET IDENTITY_INSERT [dbo].[DanhMuc] OFF
SET IDENTITY_INSERT [dbo].[DonHang] ON 

INSERT [dbo].[DonHang] ([MaDonHang], [MaNguoiDung], [NgayTaoDonHang], [TinhTrangDonHang]) VALUES (1, 1, CAST(0x173F0B00 AS Date), 1)
INSERT [dbo].[DonHang] ([MaDonHang], [MaNguoiDung], [NgayTaoDonHang], [TinhTrangDonHang]) VALUES (2, 2, CAST(0x613E0B00 AS Date), 0)
SET IDENTITY_INSERT [dbo].[DonHang] OFF
SET IDENTITY_INSERT [dbo].[NguoiDung] ON 

INSERT [dbo].[NguoiDung] ([MaNguoiDung], [TenNguoiDung], [DiaChi], [Email], [SoDienThoai], [Username], [Pass], [isNhanVien]) VALUES (1, N'Phạm Nhứt Nguyên', N'Gò Vấp', N'phamnhutduynguyen@gmail.com', N'0367038430', N'1', N'1', 1)
INSERT [dbo].[NguoiDung] ([MaNguoiDung], [TenNguoiDung], [DiaChi], [Email], [SoDienThoai], [Username], [Pass], [isNhanVien]) VALUES (2, N'Phạm Duy Nguyên', N'Tân Bình', N'gianguyengiaa3@gmail.com', N'0123456789', N'2', N'2', 0)
SET IDENTITY_INSERT [dbo].[NguoiDung] OFF
SET IDENTITY_INSERT [dbo].[SanPham] ON 

INSERT [dbo].[SanPham] ([MaSanPham], [TenSanPham], [Gia], [SoLuong], [MoTa], [Hinh], [MaDanhMuc], [TinhTrang]) VALUES (1, N'Tẩy trang', 50000, 200, N'Tẩy trang', N'resources/images/HinhSanPham/hinh1.jpg', 1, 1)
INSERT [dbo].[SanPham] ([MaSanPham], [TenSanPham], [Gia], [SoLuong], [MoTa], [Hinh], [MaDanhMuc], [TinhTrang]) VALUES (2, N'Sữa rửa mặt', 160000, 150, N'Sữa rửa mặt', N'resources/images/HinhSanPham/hinh2.jpg', 1, 1)
INSERT [dbo].[SanPham] ([MaSanPham], [TenSanPham], [Gia], [SoLuong], [MoTa], [Hinh], [MaDanhMuc], [TinhTrang]) VALUES (3, N'Sữa tắm', 220000, 150, N'Sữa tắm', N'resources/images/HinhSanPham/hinh3.jpg', 2, 1)
INSERT [dbo].[SanPham] ([MaSanPham], [TenSanPham], [Gia], [SoLuong], [MoTa], [Hinh], [MaDanhMuc], [TinhTrang]) VALUES (4, N'Gel rửa tay', 105000, 105, N'Gel rửa tay', N'resources/images/HinhSanPham/hinh4.jpg', 2, 1)


SET IDENTITY_INSERT [dbo].[SanPham] OFF
ALTER TABLE [dbo].[ChiTietDonHang]  WITH CHECK ADD FOREIGN KEY([MaDonHang])
REFERENCES [dbo].[DonHang] ([MaDonHang])
GO
ALTER TABLE [dbo].[ChiTietDonHang]  WITH CHECK ADD FOREIGN KEY([MaSanPham])
REFERENCES [dbo].[SanPham] ([MaSanPham])
GO
ALTER TABLE [dbo].[DonHang]  WITH CHECK ADD FOREIGN KEY([MaNguoiDung])
REFERENCES [dbo].[NguoiDung] ([MaNguoiDung])
GO
ALTER TABLE [dbo].[SanPham]  WITH CHECK ADD FOREIGN KEY([MaDanhMuc])
REFERENCES [dbo].[DanhMuc] ([MaDanhMuc])
GO
USE [master]
GO
ALTER DATABASE [LTWWWJAVA_DHKTPM13A_BAITAPLON_NHOM18] SET  READ_WRITE 
GO
